序号,文件命名,歌手,歌曲名,错误答案1,错误答案2,错误答案3,曲风,语种,年龄层,所属专场,难意程度,是否高潮,QQ音乐版权（0/1）
900,杨胖雨 - 情深深雨濛濛.2.mp3,杨胖雨,情深深雨濛濛,吆不到台,孽海记,慢慢喜欢你,流行热,中文,00后90后,单人闯关,P0,是,
901,BY2 - 爱丫爱丫.2.mp3,BY2,爱丫爱丫,问落花,新不了情,夏天多好,流行热,中文,00后90后,单人闯关,P0,是,
902,G2er - 还有我.2.mp3,G2er,还有我,窃爱,小情歌,櫻吹雪,流行热,中文,00后90后,单人闯关,P0,是,
903,胡歌 - 美丽的梭罗河.3.mp3,胡歌,美丽的梭罗河,手语,没有什么不同,牧马城市,流行热,中文,00后90后,单人闯关,P0,是,
904,曲肖冰 - 太阳.2.mp3,曲肖冰,太阳,困兽之斗,你就不要想起我,拜拜,流行热,中文,00后90后,单人闯关,P0,是,
905,飞儿乐团 - Lydia.2.mp3,飞儿乐团,Lydia,Keep Up,Bon Appétit,Somebody,流行热,英文,00后90后,单人闯关,P0,是,
906,杨千嬅 - 少女的祈祷.2.mp3,杨千嬅,少女的祈祷,百鬼阴阳抄,成都,她的睫毛,流行热,中文,00后90后,单人闯关,P0,是,
907,音阙诗听 _ 锦零 - 空山新雨后.2.mp3,锦零,空山新雨后,不分手的恋爱,再见 你好,我的秘密,流行热,中文,00后90后,单人闯关,P0,是,
908,冷火 - 如果，可以.2.mp3,冷火,如果 可以,BAD GUY,你好,爱的期限,流行热,中文,00后90后,单人闯关,P0,是,
909,陈雪凝 - 绿色.2.mp3,陈雪凝,绿色,那个男人,老男孩,背过手,流行热,中文,00后90后,单人闯关,P0,是,
910,林隆璇 _ 李圣杰 - 你那么爱她.2.mp3,林隆璇,你那么爱她,济南济南,老古董,爱情惹的祸,流行热,中文,00后90后,单人闯关,P0,是,
911,叶筱萱 _ 亚喃 - 不爱我就别伤害我.2.mp3,亚喃,不爱我就别伤害我,生而为赢,七号公园,北方,流行热,中文,00后90后,单人闯关,P0,是,
912,葛东琪 - 悬溺.3.mp3,葛东琪,悬溺,年少有为,细说往事,多年以后,流行热,中文,00后90后,单人闯关,P0,是,
913,阿悠悠 - 念旧.2.mp3,阿悠悠,念旧,那一夜,半城烟沙,济南济南,流行热,中文,00后90后,单人闯关,P0,是,
914,虎二 - 你一定要幸福.2.mp3,虎二,你一定要幸福,当我寂寞的时候,湖光,云水谣,流行热,中文,00后90后,单人闯关,P0,是,
915,易烊千玺 - 念想.2.mp3,易烊千玺,念想,免费教学录影带,天亮就飞吧,悄悄,流行热,中文,00后90后,单人闯关,P0,是,
916,英雄联盟 _ 田小娟 - GIANTS.2.mp3,田小娟,GIANTS,Coming Down,Bloodstream,Wide Awake,流行热,英文,00后90后,单人闯关,P0,是,
917,Imagine Dragons - Natural.2.mp3,Imagine Dragons,Natural,Good Mourning,Aloha Heia He,Sick Boy,流行热,英文,00后90后,单人闯关,P0,是,
918,凤凰传奇 - 奢香夫人.2.mp3,凤凰传奇,奢香夫人,星晴,琵琶语,灿烂,流行热,中文,00后90后,单人闯关,P0,是,
919,周杰伦 - 给我一首歌的时间.2.mp3,周杰伦,给我一首歌的时间,平凡之路,独白心声,小女王,流行热,中文,00后90后,单人闯关,P0,是,
920,Ava Max - Sweet but Psycho.2.mp3,Ava Max,Sweet but Psycho,Ghost,Castle,Shivers,流行热,英文,00后90后,单人闯关,P0,是,
921,肖战 _ 宋祖儿 - 最好的夏天.2.mp3,肖战,最好的夏天,英雄,故乡,亲爱的你,流行热,中文,00后90后,单人闯关,P0,是,
922,王小帅 - 最近.2.mp3,王小帅,最近,面筋歌,艺术家们,北京的冬天,流行热,中文,00后90后,单人闯关,P0,是,
923,梅艳芳 - 一生爱你千百回.2.mp3,梅艳芳,一生爱你千百回,陌生兄弟,安徒生不后悔,愚者的信仰,流行热,中文,00后90后,单人闯关,P0,是,
924,音阙诗听 - 红昭愿.3.mp3,音阙诗听,红昭愿,愿为同命鸟,来自尘埃的光,什么歌,流行热,中文,00后90后,单人闯关,P0,是,
925,周杰伦 - 告白气球.2.mp3,周杰伦,告白气球,小幸运,方圆几里,离开,流行热,中文,00后90后,单人闯关,P0,是,
926,齐秦 - 大约在冬季 (群星版).2.mp3,群星,大约在冬季,采薇,我可以提前离开,123我爱你,流行热,中文,00后90后,单人闯关,P0,是,
927,陈泫孝（大泫） - 静悄悄.2.mp3,陈泫孝,静悄悄,十点半的地铁,意外,爱我的人谢谢你,流行热,中文,00后90后,单人闯关,P0,是,
928,林俊杰 - 修炼爱情.2.mp3,林俊杰,修炼爱情,泼墨漓江,有一种悲伤,错的人,流行热,中文,00后90后,单人闯关,P0,是,
929,夏婉安 - 卑微到最后有多痛.2.mp3,夏婉安,卑微到最后有多痛,后来的我们,伪装,黑煤,流行热,中文,00后90后,单人闯关,P0,是,
930,薛之谦 - 慢半拍.2.mp3,薛之谦,慢半拍,放开手别挽留,咿呀呀,胆小鬼,流行热,中文,00后90后,单人闯关,P0,是,
931,李荣浩 - 李白.2.mp3,李荣浩,李白,不爱我就拉倒,你笑起来真好看,胆小鬼,流行热,中文,00后90后,单人闯关,P0,是,
932,G.E.M. 邓紫棋 - Walk on Water.2.mp3,G.E.M. 邓紫棋,Walk on Water,Lost In Japan,It Takes Two,Long Live,流行热,英文,00后90后,单人闯关,P0,是,
933,半阳 - 一曲相思.2.mp3,半阳,一曲相思,此生不换,那些年,深蓝海,流行热,中文,00后90后,单人闯关,P0,是,
934,光泽 - 空心.2.mp3,光泽,空心,错过,重复重复,南方小镇,流行热,中文,00后90后,单人闯关,P0,是,
935,逃跑计划 - 夜空中最亮的星.2.mp3,逃跑计划,夜空中最亮的星,恋爱达人,简单爱,学不会,流行热,中文,00后90后,单人闯关,P0,是,
936,杨千嬅 - 可惜我是水瓶座.2.mp3,杨千嬅,可惜我是水瓶座,不爱了也是一种爱,我们爱过就好,叹云兮,流行热,中文,00后90后,单人闯关,P0,是,
937,薛之谦 - 木偶人.2.mp3,薛之谦,木偶人,杨花落尽子规啼,阴天,有点甜,流行热,中文,00后90后,单人闯关,P0,是,
938,周杰伦 - 说好的幸福呢.2.mp3,周杰伦,说好的幸福呢,归辞,你若成风,红玫瑰白玫瑰,流行热,中文,00后90后,单人闯关,P0,是,
939,南征北战NZBZ - 哈尼宝贝.2.mp3,南征北战NZBZ,哈尼宝贝,您的手机来电铃声,园游会,突然想起你,流行热,中文,00后90后,单人闯关,P0,是,
940,Selena Gomez - Lose You To Love Me.2.mp3,Selena Gomez,Lose You Love Me,Angel On Fire,Damage,The Middle,流行热,英文,00后90后,单人闯关,P0,是,
941,Linkin Park - In The End.2.mp3,Linkin Park,In The End,Bloom,Strange Love,Red,流行热,英文,00后90后,单人闯关,P0,是,
942,戴佩妮 - 怎样.2.mp3,戴佩妮,怎样,阳光宅男,灰色头像,宇宙小柔软,流行热,中文,00后90后,单人闯关,P0,是,
943,牛奶咖啡 - 越长大越孤单.2.mp3,牛奶咖啡,越长大越孤单,妄想的月光,安静坐好,再给我一点时间啊,流行热,中文,00后90后,单人闯关,P0,是,
944,Alan Walker _ Iselin Solheim - Faded.2.mp3,Alan Walker,Faded,Wolves,Take me Hand,Psycho,流行热,英文,00后90后,单人闯关,P0,是,
945,Ayo97 _ 周思涵 - 感谢你曾来过.2.mp3,周思涵,感谢你曾来过,杀马特遇见洗剪吹,张三的歌,再见,流行热,中文,00后90后,单人闯关,P0,是,
946,陈柯宇 - 生僻字.2.mp3,陈柯宇,生僻字,你打不过我吧,让我给你买包烟,青空之下,流行热,中文,00后90后,单人闯关,P0,是,
947,周杰伦 - 彩虹.2.mp3,周杰伦,彩虹,与君知,童话,兰亭序,流行热,中文,00后90后,单人闯关,P0,是,
948,周杰伦 - 一路向北.2.mp3,周杰伦,一路向北,赤伶,你,英雄,流行热,中文,00后90后,单人闯关,P0,是,
949,李圣杰 - 手放开.2.mp3,李圣杰,手放开,一个人去巴黎,滴答,高天流云,流行热,中文,00后90后,单人闯关,P0,是,
950,孙燕姿 - 遇见.2.mp3,孙燕姿,遇见,再见 你好,侧脸,绿色,流行热,中文,00后90后,单人闯关,P0,是,
951,Jain - Lil Mama.2.mp3,Jain,Lil Mama,Now Or Never,Baby,Tiger Dreams,流行热,英文,00后90后,单人闯关,P0,是,
952,周杰伦 - 说好不哭.2.mp3,周杰伦,说好不哭,轨迹,有桃花,风的季节,流行热,中文,00后90后,单人闯关,P0,是,
953,周思涵 - 备爱.2.mp3,周思涵,备爱,雪诉离歌,你以为,春娇与志明,流行热,中文,00后90后,单人闯关,P0,是,
954,李昕融 _ 樊桐舟 _ 李凯稠 - 宝贝宝贝.2.mp3,樊桐舟,宝贝宝贝,感官先生,最好,原谅,流行热,中文,00后90后,单人闯关,P0,是,
955,刘德华 - 17岁.2.mp3,刘德华,17岁,17岁的单车,简单爱,爰很美,流行热,中文,00后90后,单人闯关,P0,是,
956,Tones and I - Dance Monkey.2.mp3,Tones and I,Dance Monkey,Endless Love,COOL,Grenade,流行热,英文,00后90后,单人闯关,P0,是,
957,飞儿乐团 - 月牙湾.2.mp3,飞儿乐团,月牙湾,魑魅魍魉,你若成风,爱情错觉,流行热,中文,00后90后,单人闯关,P0,是,
958,容祖儿 - 小小.2.mp3,容祖儿,小小,我不配,自导自演,夏天,流行热,中文,00后90后,单人闯关,P0,是,
959,刘若英 - 后来.2.mp3,刘若英,后来,起风了,有一种悲伤,短歌行,流行热,中文,00后90后,单人闯关,P0,是,
960,二小姐 - 酒梦.2.mp3,二小姐,酒梦,第一次告白,吻别,发小,流行热,中文,00后90后,单人闯关,P0,是,
961,周杰伦 - 简单爱.2.mp3,周杰伦,简单爱,烟花易冷,最帅的逆行,你,流行热,中文,00后90后,单人闯关,P0,是,
962,张泽华 - 心怡.2.mp3,张泽华,心怡,伤感情歌,北京的冬天,I Miss You,流行热,中文,00后90后,单人闯关,P0,是,
963,radwimps - 大丈夫.2.mp3,radwimps,大丈夫,啷个哩个啷,一个人生活,你还要我怎样,流行热,中文,00后90后,单人闯关,P0,是,
964,楚洁 - 飞越.2.mp3,楚洁,飞越,明明就,她不是,晴天,流行热,中文,00后90后,单人闯关,P0,是,
965,爱吃巧乐兹 - 圈住你.2.mp3,爱吃巧乐兹,圈住你,红模仿,会痛的石头,放风筝,流行热,中文,00后90后,单人闯关,P0,是,
966,五月天 - 知足.2.mp3,五月天,知足,个人简介,海阔天空,与光,流行热,中文,00后90后,单人闯关,P0,是,
967,许巍 - 曾经的你.2.mp3,许巍,曾经的你,无条件爱你,一把破吉他,想你的时候,流行热,中文,00后90后,单人闯关,P0,是,
968,简弘亦 - 你一定要幸福.2.mp3,简弘亦,你一定要幸福,滨河东路,那又怎样,花的嫁纱,流行热,中文,00后90后,单人闯关,P0,是,
969,仇志 - 梦里不知身是客.2.mp3,仇志,梦里不知身是客,哪里都是你,美人鱼,完美主义,流行热,中文,00后90后,单人闯关,P0,是,
970,月尘 - 少年年少.2.mp3,月尘,少年年少,过客,素颜,感官先生,流行热,中文,00后90后,单人闯关,P0,是,
971,王俊凯 - 流星.2.mp3,王俊凯,流星,我落泪情绪零碎,云烟成雨,牛背上的孩子,流行热,中文,00后90后,单人闯关,P0,是,
972,小咪 - 即兴.2.mp3,小咪,即兴,烟影如画,爸，我回来了,让我们荡起双桨,流行热,中文,00后90后,单人闯关,P0,是,
973,梁静茹 - 慢冷.2.mp3,梁静茹,慢冷,蝴蝶知道她爱谁,隐形人,那些花儿,流行热,中文,00后90后,单人闯关,P0,是,
974,周笔畅 - 最美的期待.2.mp3,周笔畅,最美的期待,潮州人,北方的狼,爱不爱我,流行热,中文,00后90后,单人闯关,P0,是,
975,叶倩文 - 潇洒走一回.2.mp3,叶倩文,潇洒走一回,一点点,天份,余香,流行热,中文,00后90后,单人闯关,P0,是,
976,张泽熙 - 那个女孩.3.mp3,张泽熙,那个女孩,礼仪之邦,花开的声音,在森林等你,流行热,中文,00后90后,单人闯关,P0,是,
977,音阙诗听 _ 赵方婧 - 立冬.2.mp3,赵方婧,立冬,放飞梦想,We Own,爱情掉在哪里,流行热,中文,00后90后,单人闯关,P0,是,
978,宝石Gem - 野狼disco.2.mp3,宝石Gem,野狼disco,听见下雨的声音,花桥流水,北有京,流行热,中文,00后90后,单人闯关,P0,是,
979,梁汉文 - 七友.2.mp3,梁汉文,七友,梯田,无条件爱你,发如雪,流行热,中文,00后90后,单人闯关,P0,是,
980,周杰伦 - 枫.2.mp3,周杰伦,枫,黑色幽默,我爱他,第一次,流行热,中文,00后90后,单人闯关,P0,是,
981,李昕融 _ 樊桐舟 _ 李凯稠 - 你笑起来真好看.3.mp3,李昕融,你笑起来真好看,问命笺,听,心在天山,流行热,中文,00后90后,单人闯关,P0,是,
982,蒋雪儿 - 从前的我快乐过.2.mp3,蒋雪儿,从前的我快乐过,撕夜,我超喜欢你,习惯冷落,流行热,中文,00后90后,单人闯关,P0,是,
983,永彬Ryan.B - 像极了.2.mp3,永彬Ryan.B,像极了,老街,慢慢喜欢你,生活就是这样,流行热,中文,00后90后,单人闯关,P0,是,
984,王天戈 - 心安理得.2.mp3,王天戈,心安理得,秋风知月明,我们多么幸福,酒僧,流行热,中文,00后90后,单人闯关,P0,是,
985,广东雨神 - 广东爱情故事.3.mp3,广东雨神,广东爱情故事,星晴,四面楚歌,蓝莲花,流行热,中文,00后90后,单人闯关,P0,是,
986,朴树 - 生如夏花.2.mp3,朴树,生如夏花,浮夸,只想对你说,追光的你,流行热,中文,00后90后,单人闯关,P0,是,
987,李荣浩 - 年少有为.2.mp3,李荣浩,年少有为,多久,千古,归处,流行热,中文,00后90后,单人闯关,P0,是,
988,blackpink - kill this love.2.mp3,blackpink,kill this love,Lost Boy,La La La,Swimming Pools,流行热,英文,00后90后,单人闯关,P0,是,
989,G.E.M. 邓紫棋 - 倒数.2.mp3,G.E.M. 邓紫棋,倒数,湫兮如风,黎明前的黑暗,风筝,流行热,中文,00后90后,单人闯关,P0,是,
990,南风 - 才懂.2.mp3,南风,才懂,我们的爱,蝶知道她爱谁,也许像星星,流行热,中文,00后90后,单人闯关,P0,是,
991,程jiajia - 山楂树の恋.2.mp3,程jiajia,山楂树恋,东风志,半空中,潮州人,流行热,中文,00后90后,单人闯关,P0,是,
992,Ersen0306 - 攀登.2.mp3,Ersen0306,攀登,威廉古堡,天堂来信,触不到的恋人,流行热,中文,00后90后,单人闯关,P0,是,
993,麦小兜 - 情画.2.mp3,麦小兜,情画,谢芳菲,英雄,快乐的节日,流行热,中文,00后90后,单人闯关,P0,是,
994,陈慧娴 - 千千阙歌.2.mp3,陈慧娴,千千阙歌,盛唐夜唱,Hero,如果我们只剩一天,流行热,中文,00后90后,单人闯关,P0,是,
995,杨千嬅 - 小城大事.2.mp3,杨千嬅,小城大事,爱你没差,一半,心雨,流行热,中文,00后90后,单人闯关,P0,是,
996,王琪 - 站着等你三千年.3.mp3,王琪,站着等你三千年,命运,一次就好,我好冷,流行热,中文,00后90后,单人闯关,P0,是,
997,张宇佳 - 一抹阳光.2.mp3,张宇佳,一抹阳光,斗牛,止战之殇,如果当时,流行热,中文,00后90后,单人闯关,P0,是,
998,G.E.M. 邓紫棋 - 光年之外.2.mp3,G.E.M. 邓紫棋,光年之外,耿耿于怀,蠢女人,大城小爱,流行热,中文,00后90后,单人闯关,P0,是,
999,张敬轩 - 只是太爱你.2.mp3,张敬轩,只是太爱你,借口,放个大招给你看,沈洁洁,流行热,中文,00后90后,单人闯关,P0,是,
1000,海来阿木 - 阿果吉曲.3.mp3,海来阿木,阿果吉曲,荣耀的战场,Punchline,我们都是好孩子,流行热,中文,00后90后,单人闯关,P0,是,
1001,等什么君 - 归寻.2.mp3,等什么君,归寻,狗日的生活,Captain Marvel,你好无锡,流行热,中文,00后90后,单人闯关,P0,是,
1002,范玮琪 - 到不了.2.mp3,范玮琪,到不了,放个大招给你看,What U,非酋,流行热,中文,00后90后,单人闯关,P0,是,
1003,蕾蕾的小麦霸们 _ 张振轩 - 赢在江湖.2.mp3,张振轩,赢在江湖,我的名字叫做安,Hate,陪你走过,流行热,中文,00后90后,单人闯关,P0,是,
1004,张宇 - 给你们.2.mp3,张宇,给你们,遇萤素兮,初见雪,错觉,流行热,中文,00后90后,单人闯关,P0,是,
1005,林宥嘉 - 说谎.2.mp3,林宥嘉,说谎,时间的过客,暗恋过,青春,流行热,粤语,00后90后,单人闯关,P0,是,
1006,魏新雨 - 余情未了.2.mp3,魏新雨,余情未了,爱情掉在哪里,给我的快乐,如何爱,流行热,中文,00后90后,单人闯关,P0,是,
1007,李荣浩 - 不将就.2.mp3,李荣浩,不将就,悟空,招娣,离殇,流行热,中文,00后90后,单人闯关,P0,是,
1008,杨千嬅 - 野孩子.2.mp3,杨千嬅,野孩子,七十里的城墙,非酋,老男孩,流行热,中文,00后90后,单人闯关,P0,是,
1009,薛之谦 - 尘.2.mp3,薛之谦,尘,霞客游,刚刚好,这样的日子,流行热,中文,00后90后,单人闯关,P0,是,
1010,唐汉霄 - 让我留在你身边.2.mp3,唐汉霄,让我留在你身边,叮叮梆梆,Swan Song,凉凉,流行热,中文,00后90后,单人闯关,P0,是,
1011,The Chainsmokers - Push My Luck.2.mp3,The Chainsmokers,Push My Luck,Someday,Dark Horse,Speak Now,流行热,英文,00后90后,单人闯关,P0,是,
1012,林俊杰 - 我还想她.2.mp3,林俊杰,我还想她,差不多姑娘,一个人生活,我的爱像大海,流行热,中文,00后90后,单人闯关,P0,是,
1013,魏新雨 - 红尘来去一场梦.2.mp3,魏新雨,红尘来去一场梦,儿子，我是你爸爸,最后的战役,断点,流行热,中文,00后90后,单人闯关,P0,是,
1014,G.E.M. 邓紫棋 - 来自天堂的魔鬼.2.mp3,G.E.M. 邓紫棋,来自天堂的魔鬼,小宇,喜剧之王,梦回还,流行热,中文,00后90后,单人闯关,P0,是,
1015,小星星Aurora - 坠落星空.2.mp3,小星星Aurora,坠落星空,大笨钟,吴小姐,成人仪式,流行热,中文,00后90后,单人闯关,P0,是,
1016,周杰伦 - 半兽人.2.mp3,周杰伦,半兽人,菊花台,葫芦娃,父亲,流行热,中文,00后90后,单人闯关,P0,是,
1017,crush - beautiful.2.mp3,crush,beautiful,It Takes Two,Firework,I Forgive Yiew,流行热,英文,00后90后,单人闯关,P0,是,
1018,浙音4811 - 拜拜.2.mp3,浙音4811,拜拜,菊花台,不潮不用花钱,所知甚少,流行热,中文,00后90后,单人闯关,P0,是,
1019,周传雄 - 关不上的窗.3.mp3,周传雄,关不上的窗,我走后,最寂寞的寂寞,远走,流行热,中文,00后90后,单人闯关,P0,是,
1020,Olly Murs - That Girl.2.mp3,Olly Murs,That Girl,Tiger Dreams,Closer,Boyfriend,流行热,英文,00后90后,单人闯关,P0,是,
1021,那英 _ 肖战 - 跟着感觉走 (Live).2.mp3,那英,跟着感觉走,弱点,威廉古堡,愚者的信仰,流行热,中文,00后90后,单人闯关,P0,是,
1022,王琪 - 送亲.2.mp3,王琪,送亲,谁要理她,目不转睛,双鱼,流行热,中文,00后90后,单人闯关,P0,是,
1023,许嵩 - 雅俗共赏.2.mp3,许嵩,雅俗共赏,渡我不渡她,她的睫毛,星期天,流行热,中文,00后90后,单人闯关,P0,是,
1024,魏新雨 - 百花香.2.mp3,魏新雨,百花香,依山观澜,等我回家,为什么,流行热,中文,00后90后,单人闯关,P0,是,
1025,周杰伦 - 安静.2.mp3,周杰伦,安静,佛系少女,太阳的忧伤,逆鳞,流行热,中文,00后90后,单人闯关,P0,是,
1026,周杰伦 - 夜曲.2.mp3,周杰伦,夜曲,闪耀的日子,让我偷偷看你,橘色,流行热,中文,00后90后,单人闯关,P0,是,
1027,周深 - 愿得一心人.2.mp3,周深,愿得一心人,洛神赋,9420,我被情伤,流行热,中文,00后90后,单人闯关,P0,是,
1028,周兴哲 - 永不失联的爱.2.mp3,周兴哲,永不失联的爱,Yeah,一百零八,纯洁,流行热,中文,00后90后,单人闯关,P0,是,
1029,常艾非 - 刺心.2.mp3,常艾非,刺心,欧巴我不傻,玫瑰花的葬礼,龙战骑士,流行热,中文,00后90后,单人闯关,P0,是,
1030,韩红 _ 林俊杰 - 飞云之下.2.mp3,韩红,飞云之下,疗伤烧肉粽,我要飞上青天,当真,流行热,中文,00后90后,单人闯关,P0,是,
1031,郑中基 - 无赖.2.mp3,郑中基,无赖,私奔到月球,Send It,一块钱,流行热,粤语,00后90后,单人闯关,P0,是,
1032,P!NK - Try.2.mp3,P!NK,Try,Turn To You,Better Now,All Night,流行热,英文,00后90后,单人闯关,P0,是,
1033,庄心妍 - 再见只是陌生人.2.mp3,庄心妍,再见只是陌生人,梨花泽泽远山远,疯言疯语,无妨,流行热,中文,00后90后,单人闯关,P0,是,
1034,阿杜 - 撕夜.2.mp3,阿杜,撕夜,将军,往南,爱情,流行热,中文,00后90后,单人闯关,P0,是,
1035,林俊杰 - 不为谁而作的歌.2.mp3,林俊杰,不为谁而作的歌,姑苏,市中心,你要的全拿走,流行热,中文,00后90后,单人闯关,P0,是,
1036,周杰伦 - 好久不见.2.mp3,周杰伦,好久不见,小确幸,岁月神偷,可不可以,流行热,中文,00后90后,单人闯关,P0,是,
1037,英雄联盟 - 涅槃.2.mp3,英雄联盟,涅槃,横冲直撞下一站,会痛的石头,米兰的小铁匠,流行热,中文,00后90后,单人闯关,P0,是,
1038,马良 _ 孙茜茹 - 往后余生.2.mp3,马良,往后余生,公主病,家,老铃铛,流行热,中文,00后90后,单人闯关,P0,是,
1039,王力宏 - 需要人陪.2.mp3,王力宏,需要人陪,我的天空,我错过你错过我,有风的夜晚,流行热,中文,00后90后,单人闯关,P0,是,
1040,周杰伦 - 烟花易冷.2.mp3,周杰伦,烟花易冷,听爸爸的话,我是重庆崽儿,隔壁的老王,流行热,中文,00后90后,单人闯关,P0,是,
1041,王贰浪 - 像鱼.2.mp3,王贰浪,像鱼,落霞云归,花,手写的从前,流行热,中文,00后90后,单人闯关,P0,是,
1042,张芸京 - 偏爱.2.mp3,张芸京,偏爱,彩虹,My girl,得过且过,流行热,中文,00后90后,单人闯关,P0,是,
1043,欧阳娜娜 - 树洞.2.mp3,欧阳娜娜,树洞,青春纪念册,莲花,龙拳,流行热,中文,00后90后,单人闯关,P0,是,
1044,周华健 _ 阿云嘎 - 漂洋过海来看你 (Live).2.mp3,周华健,漂洋过海来看你,好久不见,皇后区的皇后,黄土高坡,流行热,中文,00后90后,单人闯关,P0,是,
1045,花澤香菜 - 恋爱循环.2.mp3,花澤香菜,恋爱循环,忘川,老大,不将就,流行热,中文,00后90后,单人闯关,P0,是,
1046,Imagine Dragons _ Broiler - Shots.3.mp3,Imagine Dragons,Shots,E.T.,Stay,Dark Horse,流行热,英文,00后90后,单人闯关,P0,是,
1047,周杰伦 - 等你下课.2.mp3,周杰伦,等你下课,千年等一回,园游会,站着等你三千年,流行热,中文,00后90后,单人闯关,P0,是,
1048,en - 云水谣.2.mp3,en,云水谣,小星星,续雪,枫,流行热,中文,00后90后,单人闯关,P0,是,
1049,R1SE - HAVE FUN.2.mp3,R1SE,HAVE FUN,Boom Boom,Closer,7 Things,流行热,英文,00后90后,单人闯关,P0,是,
1050,薛之谦 - 病态.2.mp3,薛之谦,病态,非酋,再见,难过到这边就好,流行热,中文,00后90后,单人闯关,P0,是,
1051,老光 - 有幸.2.mp3,老光,有幸,不负天涯,演员,猴哥,流行热,中文,00后90后,单人闯关,P0,是,
1052,寂悸 - 入戏又动心.2.mp3,寂悸,入戏又动心,一路向北,狗日的生活,改变常改变,流行热,中文,00后90后,单人闯关,P0,是,
1053,Uu - 那女孩对我说.2.mp3,Uu,那女孩对我说,小哥哥网恋吗,还有多少个十年,飞云之下,流行热,中文,00后90后,单人闯关,P0,是,
1054,街道办GDC _ 欧阳耀莹 - 春娇与志明.2.mp3,街道办GDC,春娇与志明,爱的供养,我走后,非酋,流行热,中文,00后90后,单人闯关,P0,是,
1055,GOT7 - 你叫的我的名字.2.mp3,GOT7,你叫的我的名字,松烟入墨,迷途,天津变了,流行热,中文,00后90后,单人闯关,P0,是,
1056,张紫豪 - 可不可以.2.mp3,张紫豪,可不可以,天涯过客,小宇,我想娶你了,流行热,中文,00后90后,单人闯关,P0,是,
1057,降央卓玛 - 西海情歌.2.mp3,降央卓玛,西海情歌,鱼书,你还要我怎样,珍惜当下,流行热,中文,00后90后,单人闯关,P0,是,
1058,G.E.M. 邓紫棋 - 差不多姑娘.2.mp3,G.E.M. 邓紫棋,差不多姑娘,四季列车,高考,还好我们再遇见,流行热,中文,00后90后,单人闯关,P0,是,
1059,王力宏 _ 谭维维 - 缘分一道桥.2.mp3,谭维维,缘分一道桥,听,Fight For Hiphop,爱上你的那天,流行热,中文,00后90后,单人闯关,P0,是,
1060,于果 - 侧脸.2.mp3,于果,侧脸,兴风作浪,小路,答应不爱你,流行热,中文,00后90后,单人闯关,P0,是,
1061,宋冬野 - 安和桥.2.mp3,宋冬野,安和桥,惊叹号,为了遇见你,彷徨,流行热,中文,00后90后,单人闯关,P0,是,
1062,田馥甄 - 你就不要想起我.2.mp3,田馥甄,你就不要想起我,酒过三巡,触不到的恋人,琵琶语,流行热,中文,00后90后,单人闯关,P0,是,
1063,王贰浪 - 人间城.2.mp3,王贰浪,人间城,快递甜心,Down For,岛,流行热,中文,00后90后,单人闯关,P0,是,
1064,汪苏泷 - 致曾来过的你.2.mp3,汪苏泷,致曾来过的你,甩葱歌,约定,嘿渣,流行热,中文,00后90后,单人闯关,P0,是,
1065,吴亦凡 - 贰叁.2.mp3,吴亦凡,贰叁,深蓝海,千百度,半岛铁盒,流行热,中文,00后90后,单人闯关,P0,是,
1066,贺一航 - 请先说你好.2.mp3,贺一航,请先说你好,未完成的瞬间,JULY,初恋粉色系,流行热,中文,00后90后,单人闯关,P0,是,
1067,萧忆情 - 不谓侠.2.mp3,萧忆情,不谓侠,阳光宅男,岁月神偷,可爱女人,流行热,中文,00后90后,单人闯关,P0,是,
1068,Shawn Mendes _ Camila Cabello - Senorita.2.mp3,Shawn Mendes,Senorita,Damage,End Starter,Roman Holiday,流行热,英文,00后90后,单人闯关,P0,是,
1069,林俊杰 - 可惜没如果.2.mp3,林俊杰,可惜没如果,青花瓷,滚烫的青春,小幸运,流行热,中文,00后90后,单人闯关,P0,是,
1070,米津玄師 - LOSER.2.mp3,米津玄師,LOSER,End Starter,Honest,Superstar,流行热,英文,00后90后,单人闯关,P0,是,
1071,蔡依林 - 日不落.2.mp3,蔡依林,日不落,第三十八年夏至,我的天空,沙漠骆驼,流行热,中文,00后90后,单人闯关,P0,是,
1072,林俊杰 - 江南.2.mp3,林俊杰,江南,鸟语林,岁月如歌,世界上的另一个我,流行热,中文,00后90后,单人闯关,P0,是,
1073,永彬Ryan.B _ 李晧轩 - 那什么.2.mp3,李晧轩,那什么,离人殇,Bad Girl,最美婚礼,流行热,中文,00后90后,单人闯关,P0,是,
1074,阿悠悠 - 悠殇叹.2.mp3,阿悠悠,悠殇叹,上海一九四三,最佳歌手,幸福多了就是水,流行热,中文,00后90后,单人闯关,P0,是,
1075,蔡依林 _ 周杰伦 - 布拉格广场.2.mp3,蔡依林,布拉格广场,爱情错觉,在路上,指中沙,流行热,中文,00后90后,单人闯关,P0,是,
1076,张信哲 - 爱如潮水.2.mp3,张信哲,爱如潮水,山水闲人,无法长大,少年,流行热,中文,00后90后,单人闯关,P0,是,
1077,Uu - 那男孩还好吗.2.mp3,Uu,那男孩还好吗,困兽之斗,无言以说,我在山坡上等你,流行热,中文,00后90后,单人闯关,P0,是,
1078,王琪 - 万爱千恩.2.mp3,王琪,万爱千恩,印记,文爱,蒲公英,流行热,中文,00后90后,单人闯关,P0,是,
1079,周杰伦 - 不能说的秘密.2.mp3,周杰伦,不能说的秘密,澹月秋千,止战之殇,我要你,流行热,中文,00后90后,单人闯关,P0,是,
1080,陈奕迅 - 最佳损友.2.mp3,陈奕迅,最佳损友,偶像万万岁,野狼Disco,我怀念的,流行热,中文,00后90后,单人闯关,P0,是,
1081,cherry夕晴 - 空欢喜.2.mp3,cherry夕晴,空欢喜,我要买,胡萝卜须,寸步不离,流行热,中文,00后90后,单人闯关,P0,是,
1082,誓言 - 求佛.2.mp3,誓言,求佛,半生你我,祖国和少年,小情书,流行热,中文,00后90后,单人闯关,P0,是,
1083,邓丽君 - 我只在乎你.2.mp3,邓丽君,我只在乎你,杏花弦外雨,我们说好的,醉赤壁,流行热,中文,00后90后,单人闯关,P0,是,
1084,任然 - 后继者.2.mp3,任然,后继者,我的滑板鞋,红尘女子,他一定很爱你,流行热,中文,00后90后,单人闯关,P0,是,
1085,鞠文娴 - BINGBIAN病变.2.mp3,鞠文娴,BINGBIAN病变,As I Am,Let You Go,The Middle,流行热,中文,00后90后,单人闯关,P0,是,
1086,郑源 - 包容.2.mp3,郑源,包容,幸福多了就是水,我乐意,隔壁泰山,流行热,中文,00后90后,单人闯关,P0,是,
1087,尚士达 - 生而为人.2.mp3,尚士达,生而为人,半世游,飞天,野花香,流行热,中文,00后90后,单人闯关,P0,是,
1088,莫文蔚 - 慢慢喜欢你.2.mp3,莫文蔚,慢慢喜欢你,贪欢,姑娘别旅行,伪装,流行热,日语,00后90后,单人闯关,P0,是,
1089,图小图 - 失忆.2.mp3,图小图,失忆,东流,最好的答案,时间煮爱,流行热,中文,00后90后,单人闯关,P0,是,
1090,Ellie Goulding _ Calvin Harris - Outside.2.mp3,Ellie Goulding,Outside,The Prologue,Blurred Lines,Better Now,流行热,英文,00后90后,单人闯关,P0,是,
1091,周杰伦 _ 杨瑞代 - 爱的飞行日记.2.mp3,周杰伦,爱的飞行日记,我的地盘,水星记,若雪,流行热,中文,00后90后,单人闯关,P0,是,
1092,周蕙 - 约定.2.mp3,周蕙,约定,小宇,无与伦比的美丽,大海,流行热,中文,00后90后,单人闯关,P0,是,
1093,曲肖冰 - 静悄悄.2.mp3,曲肖冰,静悄悄,还我,下个路口等我,跳完这支舞吧,流行热,中文,00后90后,单人闯关,P0,是,
1094,张国荣 - 沉默是金.2.mp3,张国荣,沉默是金,说好的幸福呢,她的眼睛会唱歌,丫头,流行热,中文,00后90后,单人闯关,P0,是,
1095,蒋雪儿 - 莫问归期.2.mp3,蒋雪儿,莫问归期,卡路里,天秤座,木偶人,流行热,中文,00后90后,单人闯关,P0,是,
1096,Joel Adams - Please Don't Go.2.mp3,Joel Adams,Please Don't Go,No One,Purpose,Dark Horse,流行热,英文,00后90后,单人闯关,P0,是,
1097,梁静茹 - 可惜不是你.2.mp3,梁静茹,可惜不是你,叙酣宴,没正业,音乐死党,流行热,中文,00后90后,单人闯关,P0,是,
1098,周杰伦 - 七里香.2.mp3,周杰伦,七里香,舒伯特玫瑰,听说爱情回来过,快乐帮,流行热,中文,00后90后,单人闯关,P0,是,
1099,Katie Sky - Monsters.2.mp3,Katie Sky,Monsters,Deja Vu,Lie,Let You Go,流行热,英文,00后90后,单人闯关,P0,是,
1100,胡66 - 空空如也.2.mp3,胡66,空空如也,对不起,摇Shake,侧脸,流行热,中文,00后90后,单人闯关,P0,是,
1101,en - 嚣张.2.mp3,en,嚣张,甜甜的,别再闹了,下雨了,流行热,中文,00后90后,单人闯关,P0,是,
1102,周杰伦 - 最长的电影.2.mp3,周杰伦,最长的电影,龙卷风,轮回者,多一个,流行热,中文,00后90后,单人闯关,P0,是,
1103,杨丞琳 - 节日快乐.2.mp3,杨丞琳,节日快乐,爷爷泡的茶,飞云之下,梦想家的爱情,流行热,中文,00后90后,单人闯关,P0,是,
1104,哼哼是李韩宇 - 从前的我快乐过.2.mp3,李韩宇,从前的我快乐过,菊花台,一介书生,忘不掉的昨天,流行热,中文,00后90后,单人闯关,P0,是,
1105,小阿枫 - 我要找到你.2.mp3,小阿枫,我要找到你,素颜,演员,郑州郑州,流行热,中文,00后90后,单人闯关,P0,是,
1106,李荣浩 - 戒烟.2.mp3,李荣浩,戒烟,神武相思入卷,9420,狂浪,流行热,中文,00后90后,单人闯关,P0,是,
1107,太一 - Lutra.3.mp3,太一,Lutra,Devil In Me,Wildest Dreams,Ghost,流行热,英文,00后90后,单人闯关,P0,是,
1108,周杰伦 - 听妈妈的话.2.mp3,周杰伦,听妈妈的话,不羡明月知,渡我不渡她,夜晚亲爱的朋友,流行热,中文,00后90后,单人闯关,P0,是,
1109,阿冗 - 你的答案.2.mp3,阿冗,你的答案,焚心劫,你不是真正的快乐,环游星空,流行热,中文,00后90后,单人闯关,P0,是,
1110,郑源 - 爱情码头.2.mp3,郑源,爱情码头,放开手别挽留,Fat Boy Flow,氧气,流行热,中文,00后90后,单人闯关,P0,是,
1111,王恰恰 - 撕夜.2.mp3,王恰恰,撕夜,上海一九四三,想把我唱给你听,巅峰之上,流行热,中文,00后90后,单人闯关,P0,是,
1112,孙燕姿 - 尚好的青春.2.mp3,孙燕姿,尚好的青春,浮生尽·心错,后来的我们,晚风,流行热,中文,00后90后,单人闯关,P0,是,
1113,等什么君 - 关山酒.2.mp3,等什么君,关山酒,黄金甲,Queendom,无知的癫狂者,流行热,中文,00后90后,单人闯关,P0,是,
1114,Selena Gomez _ Marshmello - Wolves.2.mp3,Selena Gomez,Wolves,Bad,Locked Away,Long Live,流行热,英文,00后90后,单人闯关,P0,是,
1115,许冠杰 - 半斤八两.2.mp3,许冠杰,半斤八两,本草纲目,我赖你,喜剧之王,流行热,中文,00后90后,单人闯关,P0,是,
1116,肖战 - 两只老虎.2.mp3,肖战,两只老虎,缠心莲,演员,庄周,流行热,中文,00后90后,单人闯关,P0,是,
1117,王俊凯 _ 蔡依林 - 心引力.2.mp3,王俊凯,心引力,被你宠爱,钗头凤,转眼一瞬间,流行热,中文,00后90后,单人闯关,P0,是,
1118,陈瑞 - 白狐.2.mp3,陈瑞,白狐,勉为其难,身骑白马,剪不断,流行热,中文,00后90后,单人闯关,P0,是,
1119,陈奕迅 - 红玫瑰.2.mp3,陈奕迅,红玫瑰,裸奔的蜗牛,暧昧,西海情歌,流行热,中文,00后90后,单人闯关,P0,是,
1120,汪苏泷 - 风度.2.mp3,汪苏泷,风度,桃花笑,过去已经太多,春来了,流行热,中文,00后90后,单人闯关,P0,是,
1121,邰正宵 - 千纸鹤.2.mp3,邰正宵,千纸鹤,好久不见,Taste,错的人,流行热,中文,00后90后,单人闯关,P0,是,
1122,周传雄 - 黄昏.2.mp3,周传雄,黄昏,超级英雄狂想曲,宣言,我的歌,流行热,中文,00后90后,单人闯关,P0,是,
1123,三浦透子 - movie edit.2.mp3,三浦透子,movie edit,Graveyard,Enchanted,I Kissed a Girl,流行热,日语,00后90后,单人闯关,P0,是,
1124,周杰伦 - 半岛铁盒.2.mp3,周杰伦,半岛铁盒,末班,卖报歌,免费教学录影带,流行热,中文,00后90后,单人闯关,P0,是,
1125,杨千嬅 - 假如让我说下去.2.mp3,杨千嬅,假如让我说下去,天涯过客,凡人歌,我们都是好孩子,流行热,中文,00后90后,单人闯关,P0,是,
1126,袁娅维 - 说散就散.2.mp3,袁娅维,说散就散,云中一梦,从前的我,各奔东西,流行热,中文,00后90后,单人闯关,P0,是,
1127,飞儿乐团 - 你的微笑.2.mp3,飞儿乐团,你的微笑,临水照花,意外,最了不起的你,流行热,中文,00后90后,单人闯关,P0,是,
1128,卢喃 - 思念的牢.2.mp3,卢喃,思念的牢,半兽人,Lose Yourself,九月清晨,流行热,中文,00后90后,单人闯关,P0,是,
1129,肖战 - 满足.2.mp3,肖战,满足,探戈就是趟着走,酒干倘卖无,如爱所愿,流行热,中文,00后90后,单人闯关,P0,是,
1130,张玉华 - 原谅.2.mp3,张玉华,原谅,飞翔,猴哥,无人守夜的时光,流行热,中文,00后90后,单人闯关,P0,是,
1131,李学仕 - 直觉.2.mp3,李学仕,直觉,面团,逝去的歌,离开盐城,流行热,中文,00后90后,单人闯关,P0,是,
1132,Ice Paper - 心如止水.2.mp3,Ice Paper,心如止水,安全第一条,G.O.D,请为我鼓掌吧,流行热,中文,00后90后,单人闯关,P0,是,
1133,永彬Ryan.B - 放个大招给你看.2.mp3,永彬Ryan.B,放个大招给你看,典狱司,你在，不在,像我这样的人,流行热,中文,00后90后,单人闯关,P0,是,
1134,音阙诗听 _ 赵方婧 - 芒种.2.mp3,赵方婧,芒种,西安人的歌,浪人琵琶,我不愿明白,流行热,中文,00后90后,单人闯关,P0,是,
1135,林俊杰 - 那些你很冒险的梦.2.mp3,林俊杰,那些你很冒险的梦,吻得太逼真,几个你,简单生活,流行热,中文,00后90后,单人闯关,P0,是,
1136,许嵩 - 雨幕.2.mp3,许嵩,雨幕,你会遇见更好的人,来自天堂的魔鬼,我知道,流行热,中文,00后90后,单人闯关,P0,是,
1137,陈瑞 _ 马庆斌 - 在没有你的时候.2.mp3,马庆斌,在没有你的时候,小棋童,敷衍,春风十里不如你,流行热,中文,00后90后,单人闯关,P0,是,
1138,周杰伦 - 晴天.2.mp3,周杰伦,晴天,撒浪嘿哟,心动,不谓侠,流行热,中文,00后90后,单人闯关,P0,是,
1139,刘旭阳 - 把孤独当晚餐.2.mp3,刘旭阳,把孤独当晚餐,尘埃,带刺的玫瑰,欢迎光临,流行热,中文,00后90后,单人闯关,P0,是,
1140,G.E.M. 邓紫棋 - 桃花诺.2.mp3,G.E.M. 邓紫棋,桃花诺,悟空,等到烟火清凉,古驰古驰,流行热,中文,00后90后,单人闯关,P0,是,
1141,B.o.B _ Bruno Mars - Nothin' On You.2.mp3,B.o.B,Nothin' On You,Tangerine,No Brainer,Tim McGraw,流行热,英文,00后90后,单人闯关,P0,是,
1142,阿悠悠 - 一生与你擦肩而过.2.mp3,阿悠悠,一生与你擦肩而过,苦涩,不再联系,苍狼大地,流行热,中文,00后90后,单人闯关,P0,是,
1143,焦迈奇 - 我的名字.2.mp3,焦迈奇,我的名字,忍者,我是柳畅源,秘密,流行热,中文,00后90后,单人闯关,P0,是,
1144,岑宁儿 - 追光者.2.mp3,岑宁儿,追光者,花满楼,多余的解释,野火,流行热,中文,00后90后,单人闯关,P0,是,
1145,郭顶 - 水星记.2.mp3,郭顶,水星记,念诗之王,造亿万吨光芒,庐州月,流行热,中文,00后90后,单人闯关,P0,是,
1146,周杰伦 - 青花瓷.2.mp3,周杰伦,青花瓷,对不起我爱你,从前慢,客官不可以,流行热,中文,00后90后,单人闯关,P0,是,
1147,五月天 - 玫瑰少年.2.mp3,五月天,玫瑰少年,丛林法则,莫妮卡,Now You See Me,流行热,中文,00后90后,单人闯关,P0,是,
1148,周杰伦 - 搁浅.2.mp3,周杰伦,搁浅,回答,拜拜,生生世世爱,流行热,中文,00后90后,单人闯关,P0,是,
1149,阿悠悠 - 责无旁贷.2.mp3,阿悠悠,责无旁贷,走心小卖家,你看我可不可爱,奶茶加糖,流行热,中文,00后90后,单人闯关,P0,是,
1150,齐秦 _ 莫文蔚 - 可惜了.2.mp3,莫文蔚,可惜了,挣它一个亿,断点,丑八怪,流行热,中文,00后90后,单人闯关,P0,是,
1151,周杰伦 - 稻香.2.mp3,周杰伦,稻香,今夜你在哪里,七月凉山,十分之一,流行热,中文,00后90后,单人闯关,P0,是,
1152,邰正宵 - 找一个字代替.2.mp3,邰正宵,找一个字代替,失眠飞行,男孩,成全,流行热,中文,00后90后,单人闯关,P0,是,
1153,王力宏 - 在梅边.2.mp3,王力宏,在梅边,妻书,悠殇叹,消磨,流行热,中文,00后90后,单人闯关,P0,是,
1154,Russ - Psycho Pt. 2.2.mp3,Russ,"Psycho, Pt",Let Me Love You,Birthday,Now Or Never,流行热,英文,00后90后,单人闯关,P0,是,
1155,刘德华 - 来生缘.2.mp3,刘德华,来生缘,情非得已,Hotline,传说,流行热,中文,00后90后,单人闯关,P0,是,
1156,DAWN - MONEY.2.mp3,DAWN,MONEY,Gasoline,Somebody,24K Magic,流行热,英文,00后90后,单人闯关,P0,是,
1157,周杰伦 - 开不了口.2.mp3,周杰伦,开不了口,小苹果,芒种,当我寂寞的时候,流行热,中文,00后90后,单人闯关,P0,是,
1158,飞儿乐团 - 千年之恋.2.mp3,飞儿乐团,千年之恋,白色风车,神话与传说,不是冲动,流行热,中文,00后90后,单人闯关,P0,是,
1159,小咪 - 我走后.2.mp3,小咪,我走后,醉仙美,GDFR,Count on Me,流行热,中文,00后90后,单人闯关,P0,是,
1160,侯旭 - 逃.2.mp3,侯旭,逃,爱情悬崖,当真,远方,流行热,中文,00后90后,单人闯关,P0,是,
1161,BEYOND - 海阔天空.2.mp3,BEYOND,海阔天空,听爸爸的话,真的好想你,你最珍贵,流行热,中文,00后90后,单人闯关,P0,是,
1162,黄义达 - 那女孩对我说.2.mp3,黄义达,那女孩对我说,青衫薄,时间停止,伊斯坦堡,流行热,中文,00后90后,单人闯关,P0,是,
1163,周杰伦 - 断了的弦.2.mp3,周杰伦,断了的弦,等你下课,尽头,迷魂曲,流行热,中文,00后90后,单人闯关,P0,是,
1164,展展与罗罗 - 沙漠骆驼.2.mp3,展展与罗罗,沙漠骆驼,20岁的某一天,好春光,搁浅,流行热,中文,00后90后,单人闯关,P0,是,
1165,CRITTY - 不谓侠.2.mp3,CRITTY,不谓侠,长安诀,致姗姗来迟的你,初恋粉色系,流行热,中文,00后90后,单人闯关,P0,是,
1166,周慧敏 - 最爱.2.mp3,周慧敏,最爱,回到原点,哪吒,猜不透,流行热,中文,00后90后,单人闯关,P0,是,
1167,丸子呦 - 广寒宫.2.mp3,丸子呦,广寒宫,天亮以前说再见,渲染离别,闪耀的日子,流行热,中文,00后90后,单人闯关,P0,是,
1168,隔壁老樊 - 红色高跟鞋.2.mp3,隔壁老樊,红色高跟鞋,酒吧叙事体,周大侠,十年,流行热,中文,00后90后,单人闯关,P0,是,
1169,范玮琪 _ 张韶涵 - 如果的事.2.mp3,张韶涵,如果的事,兴风作浪,新不了情,最美的安排,流行热,中文,00后90后,单人闯关,P0,是,
1170,于文文 - 体面.2.mp3,于文文,体面,慢慢懂,此生不换,醉仙美,流行热,中文,00后90后,单人闯关,P0,是,
1171,光良 - 第一次.2.mp3,光良,第一次,我想,红色高跟鞋,橄榄树,流行热,中文,00后90后,单人闯关,P0,是,
1172,张靓颖 - 天下无双.2.mp3,张靓颖,天下无双,我也很想他,大鱼,夜歌,流行热,中文,00后90后,单人闯关,P0,是,
1173,小阿七 - 那女孩对我说.2.mp3,小阿七,那女孩对我说,魔术先生,七月上,素颜,流行热,中文,00后90后,单人闯关,P0,是,
1174,周杰伦 - 花海.2.mp3,周杰伦,花海,明明就,风筝,不见白头,流行热,中文,00后90后,单人闯关,P0,是,
1175,en - 暗示分离.2.mp3,en,暗示分离,你好,战舞,人生路上,流行热,中文,00后90后,单人闯关,P0,是,
1176,胡66 - 浪人琵琶.2.mp3,胡66,浪人琵琶,飘移,兰亭疾叙,等你回家,流行热,中文,00后90后,单人闯关,P0,是,
1177,阿杜 - 他一定很爱你.2.mp3,阿杜,他一定很爱你,来自天堂的魔鬼,转眼一瞬间,忘不了,流行热,中文,00后90后,单人闯关,P0,是,
1178,陈势安 - 天后.2.mp3,陈势安,天后,星球坠落,这个年纪,末日审判,流行热,中文,00后90后,单人闯关,P0,是,
1179,杨千嬅 - 勇.2.mp3,杨千嬅,勇,我爱他,不搭,造亿万吨光芒,流行热,中文,00后90后,单人闯关,P0,是,
1180,周杰伦 - 蒲公英的约定.2.mp3,周杰伦,蒲公英的约定,柳岸旁,只对你有感觉,我愿,流行热,中文,00后90后,单人闯关,P0,是,
1181,雅楠 - 我承认我怕黑.2.mp3,雅楠,我承认我怕黑,听妈妈的话,Game,到底爱我不爱,流行热,中文,00后90后,单人闯关,P0,是,
1182,易烊千玺 - I Adore You.2.mp3,易烊千玺,I Adore You,Been You,Boyfriend,Bad At Love,流行热,英文,00后90后,单人闯关,P0,是,
1183,林俊杰 - 崇拜 (Live).2.mp3,林俊杰,崇拜,说爱你,一个人想着一个人,孩子王,流行热,中文,00后90后,单人闯关,P0,是,
1184,I-DLE - LION.2.mp3,I DLE,LION,Pumped Up Kicks,22,Red,流行热,英文,00后90后,单人闯关,P0,是,
1185,易烊千玺 - Fall.2.mp3,易烊千玺,Fall,For Him,Sucker for You,C'mon C'mon,流行热,英文,00后90后,单人闯关,P0,是,
1186,薛之谦 - 笑场.2.mp3,薛之谦,笑场,步云,外地人,梦想启动,流行热,中文,00后90后,单人闯关,P0,是,
1187,Two Steps From Hell _ Thomas Bergersen - Star Sky.2.mp3,Thomas Bergersen,Star Sky,All Night,Psycho,Walking On Air,流行热,英文,00后90后,单人闯关,P0,是,
1188,杨千嬅 - 再见二丁目.2.mp3,杨千嬅,再见二丁目,十里烟波,Once In A,可乐,流行热,中文,00后90后,单人闯关,P0,是,
1189,周杰伦 - 爷爷泡的茶.2.mp3,周杰伦,爷爷泡的茶,同一种调调,出路,庄周,流行热,中文,00后90后,单人闯关,P0,是,
1190,苏晗 - 离岸.2.mp3,苏晗,离岸,国王,一万小时,远方,流行热,中文,00后90后,单人闯关,P0,是,
1191,李代沫 - 这就是爱情.2.mp3,李代沫,这就是爱情,环游世界,别急着说再见,时间煮雨,流行热,中文,00后90后,单人闯关,P0,是,
1192,陈粒 - 光.2.mp3,陈粒,光,一点点,新鞋子旧鞋子,懦夫,流行热,中文,00后90后,单人闯关,P0,是,
1193,周深 - 过尽千帆.2.mp3,周深,过尽千帆,就这样,蔓延旅行,我想娶你了,流行热,中文,00后90后,单人闯关,P0,是,
1194,杨千嬅 - 处处吻.2.mp3,杨千嬅,处处吻,天津变了,苏黎世的从前,小星星,流行热,中文,00后90后,单人闯关,P0,是,
1195,薛之谦 - 演员.2.mp3,薛之谦,演员,醉花阴,春风十里,心无疆界,流行热,中文,00后90后,单人闯关,P0,是,
1196,周杰伦 - 轨迹.2.mp3,周杰伦,轨迹,烟花易冷,牧野,这里,流行热,中文,00后90后,单人闯关,P0,是,
1197,陈奕迅 - 十年.2.mp3,陈奕迅,十年,翩跹,背过手,好奇的猫,流行热,中文,00后90后,单人闯关,P0,是,
1198,童珺 - 天下有情人.2.mp3,童珺,天下有情人,一直,快乐帮,萌萌,流行热,中文,00后90后,单人闯关,P0,是,
1199,无限王者团 - 千灯之约.2.mp3,无限王者团,千灯之约,希望,启航,时间的过客,流行热,中文,00后90后,单人闯关,P0,是,
1200,G.E.M. 邓紫棋 - 泡沫.2.mp3,G.E.M. 邓紫棋,泡沫,去大理,饶舌歌,和平与爱,流行热,中文,00后90后,单人闯关,P0,是,
1201,蔡健雅 - 红色高跟鞋.2.mp3,蔡健雅,红色高跟鞋,婉君,千年等一回,窃爱,流行热,中文,00后90后,单人闯关,P0,是,
1202,弦子 - 天空之外.2.mp3,弦子,天空之外,想你想你,成都,西安爱情故事,流行热,中文,00后90后,单人闯关,P0,是,
1203,BEYOND - 灰色轨迹.2.mp3,BEYOND,灰色轨迹,等你下课,安心的温柔,美丽的牧羊姑娘,流行热,中文,00后90后,单人闯关,P0,是,
1204,周杰伦 - 算什么男人.2.mp3,周杰伦,算什么男人,生僻字,自导自演,河山,流行热,中文,00后90后,单人闯关,P0,是,
1205,毛不易 _ 徐航 - 像我这样的人 (Live).3.mp3,毛不易,像我这样的人,缘分一道桥,不要忘记我爱你,丑八怪,流行热,中文,00后90后,单人闯关,P0,是,
1206,G.E.M. 邓紫棋 - 画.2.mp3,G.E.M. 邓紫棋,画,梦想启动,造亿万吨光芒,吃胖了你就别跑了,流行热,中文,00后90后,单人闯关,P0,是,
1207,司南 - 烟雨行舟.2.mp3,司南,烟雨行舟,十年,Never,姑娘别旅行,流行热,中文,00后90后,单人闯关,P0,是,
1208,Sia _ Alan Walker - Move Your Body.2.mp3,Alan Walker,Move Your Body,Ayo,Habits,Purpose,流行热,英文,00后90后,单人闯关,P0,是,
1209,沙总啊 - 连备胎都不是 (回忆·女生版).2.mp3,沙总啊,连备胎都不是,小星球,空白格,霍元甲,流行热,中文,00后90后,单人闯关,P0,是,
1210,房东的猫 - 云烟成雨.2.mp3,房东的猫,云烟成雨,赢在江湖,宝应,龙卷风,流行热,中文,00后90后,单人闯关,P0,是,
1211,顾小洁 - 遇到 (女生版).2.mp3,顾小洁,遇到,大王叫我来巡山,不值得,笑忘歌,流行热,中文,00后90后,单人闯关,P0,是,
